<?xml version="1.0" encoding="UTF-8"?>
<project-private xmlns="http://www.netbeans.org/ns/project-private/1">
    <editor-bookmarks xmlns="http://www.netbeans.org/ns/editor-bookmarks/2" lastBookmarkId="0"/>
    <open-files xmlns="http://www.netbeans.org/ns/projectui-open-files/2">
        <group>
            <file>file:/C:/Users/Lenovo/Documents/GitHub/HolyshitJava/homework2/shapeFactory/src/shapefactory/Square.java</file>
            <file>file:/C:/Users/Lenovo/Documents/GitHub/HolyshitJava/homework2/shapeFactory/src/shapefactory/ConcreteShapeCreator.java</file>
            <file>file:/C:/Users/Lenovo/Documents/GitHub/HolyshitJava/homework2/shapeFactory/src/shapefactory/Shape.java</file>
            <file>file:/C:/Users/Lenovo/Documents/GitHub/HolyshitJava/homework2/shapeFactory/src/shapefactory/Triangle.java</file>
            <file>file:/C:/Users/Lenovo/Documents/GitHub/HolyshitJava/homework2/shapeFactory/src/shapefactory/ShapeCreator.java</file>
            <file>file:/C:/Users/Lenovo/Documents/GitHub/HolyshitJava/homework2/shapeFactory/src/shapefactory/ShapeFactory.java</file>
        </group>
    </open-files>
</project-private>
