<?xml version="1.0" encoding="UTF-8"?>
<project-private xmlns="http://www.netbeans.org/ns/project-private/1">
    <editor-bookmarks xmlns="http://www.netbeans.org/ns/editor-bookmarks/2" lastBookmarkId="0"/>
    <open-files xmlns="http://www.netbeans.org/ns/projectui-open-files/2">
        <group>
            <file>file:/C:/Users/Lenovo/Documents/GitHub/HolyshitJava/homework1/weatherHW/src/weatherhw/Observer.java</file>
            <file>file:/C:/Users/Lenovo/Documents/GitHub/HolyshitJava/homework1/weatherHW/src/weatherhw/HeatIndexDisplay.java</file>
            <file>file:/C:/Users/Lenovo/Documents/GitHub/HolyshitJava/homework1/weatherHW/src/weatherhw/WeatherStation.java</file>
            <file>file:/C:/Users/Lenovo/Documents/GitHub/HolyshitJava/homework1/weatherHW/src/weatherhw/WeatherStationAddHeatIndex.java</file>
            <file>file:/C:/Users/Lenovo/Documents/GitHub/HolyshitJava/homework1/weatherHW/src/weatherhw/StatisticsDisplay.java</file>
            <file>file:/C:/Users/Lenovo/Documents/GitHub/HolyshitJava/homework1/weatherHW/src/weatherhw/Subject.java</file>
            <file>file:/C:/Users/Lenovo/Documents/GitHub/HolyshitJava/homework1/weatherHW/src/weatherhw/DisplayElement.java</file>
            <file>file:/C:/Users/Lenovo/Documents/GitHub/HolyshitJava/homework1/weatherHW/src/weatherhw/CurrentConditionsDisplay.java</file>
            <file>file:/C:/Users/Lenovo/Documents/GitHub/HolyshitJava/homework1/weatherHW/src/weatherhw/ForecastDisplay.java</file>
            <file>file:/C:/Users/Lenovo/Documents/GitHub/HolyshitJava/homework1/weatherHW/src/weatherhw/WeatherData.java</file>
        </group>
    </open-files>
</project-private>
