<?xml version="1.0" encoding="UTF-8"?>
<project-private xmlns="http://www.netbeans.org/ns/project-private/1">
    <editor-bookmarks xmlns="http://www.netbeans.org/ns/editor-bookmarks/2" lastBookmarkId="0"/>
    <open-files xmlns="http://www.netbeans.org/ns/projectui-open-files/2">
        <group>
            <file>file:/C:/Users/Lenovo/Documents/GitHub/HolyshitJava/homework1/shoppingCartHW/src/shoppingcarthw/ShoppingCartHW.java</file>
            <file>file:/C:/Users/Lenovo/Documents/GitHub/HolyshitJava/homework1/shoppingCartHW/src/shoppingcarthw/PaymentStrategy.java</file>
            <file>file:/C:/Users/Lenovo/Documents/GitHub/HolyshitJava/homework1/shoppingCartHW/src/shoppingcarthw/CreditCardStrategy.java</file>
            <file>file:/C:/Users/Lenovo/Documents/GitHub/HolyshitJava/homework1/shoppingCartHW/src/shoppingcarthw/Item.java</file>
            <file>file:/C:/Users/Lenovo/Documents/GitHub/HolyshitJava/homework1/shoppingCartHW/src/shoppingcarthw/ShoppingCart.java</file>
            <file>file:/C:/Users/Lenovo/Documents/GitHub/HolyshitJava/homework1/shoppingCartHW/src/shoppingcarthw/PaypalStrategy.java</file>
        </group>
    </open-files>
</project-private>
